Average Order Value (USD),product_name
421.81673853320507,27in 4K gaming monitor
346.8156050955414,"27in"""" 4k gaming monitor"
159.9618894739821,Apple Airpods Headphones
745.832512562813,Apple iPhone
121.40782608695653,bose soundsport headphones
1595.804732932436,Macbook Air Laptop
20.103941395974715,Samsung Charging Cable Pack
50.64434241245128,Samsung Webcam
1097.03839631783,ThinkPad Laptop
